psgc_code,barangay,city
1380100001,Barangay 1,Caloocan
1380100002,Barangay 2,Caloocan
1380100003,Barangay 3,Caloocan
1380100004,Barangay 4,Caloocan
1380100005,Barangay 5,Caloocan
1380100006,Barangay 6,Caloocan
1380100007,Barangay 7,Caloocan
1380100008,Barangay 8,Caloocan
1380100009,Barangay 9,Caloocan
1380100010,Barangay 10,Caloocan
1380100011,Barangay 11,Caloocan
1380100012,Barangay 12,Caloocan
1380100013,Barangay 13,Caloocan
1380100014,Barangay 14,Caloocan
1380100015,Barangay 15,Caloocan
1380100016,Barangay 16,Caloocan
1380100017,Barangay 17,Caloocan
1380100018,Barangay 18,Caloocan
1380100019,Barangay 19,Caloocan
1380100020,Barangay 20,Caloocan
1380100021,Barangay 21,Caloocan
1380100022,Barangay 22,Caloocan
1380100023,Barangay 23,Caloocan
1380100024,Barangay 24,Caloocan
1380100025,Barangay 25,Caloocan
1380100026,Barangay 26,Caloocan
1380100027,Barangay 27,Caloocan
1380100028,Barangay 28,Caloocan
1380100029,Barangay 29,Caloocan
1380100030,Barangay 30,Caloocan
1380100031,Barangay 31,Caloocan
1380100032,Barangay 32,Caloocan
1380100033,Barangay 33,Caloocan
1380100034,Barangay 34,Caloocan
1380100035,Barangay 35,Caloocan
1380100036,Barangay 36,Caloocan
1380100037,Barangay 37,Caloocan
1380100038,Barangay 38,Caloocan
1380100039,Barangay 39,Caloocan
1380100040,Barangay 40,Caloocan
1380100041,Barangay 41,Caloocan
1380100042,Barangay 42,Caloocan
1380100043,Barangay 43,Caloocan
1380100044,Barangay 44,Caloocan
1380100045,Barangay 45,Caloocan
1380100046,Barangay 46,Caloocan
1380100047,Barangay 47,Caloocan
1380100048,Barangay 48,Caloocan
1380100049,Barangay 49,Caloocan
1380100050,Barangay 50,Caloocan
1380100051,Barangay 51,Caloocan
1380100052,Barangay 52,Caloocan
1380100053,Barangay 53,Caloocan
1380100054,Barangay 54,Caloocan
1380100055,Barangay 55,Caloocan
1380100056,Barangay 56,Caloocan
1380100057,Barangay 57,Caloocan
1380100058,Barangay 58,Caloocan
1380100059,Barangay 59,Caloocan
1380100060,Barangay 60,Caloocan
1380100061,Barangay 61,Caloocan
1380100062,Barangay 62,Caloocan
1380100063,Barangay 63,Caloocan
1380100064,Barangay 64,Caloocan
1380100065,Barangay 65,Caloocan
1380100066,Barangay 66,Caloocan
1380100067,Barangay 67,Caloocan
1380100068,Barangay 68,Caloocan
1380100069,Barangay 69,Caloocan
1380100070,Barangay 70,Caloocan
1380100071,Barangay 71,Caloocan
1380100072,Barangay 72,Caloocan
1380100073,Barangay 73,Caloocan
1380100074,Barangay 74,Caloocan
1380100075,Barangay 75,Caloocan
1380100076,Barangay 76,Caloocan
1380100077,Barangay 77,Caloocan
1380100078,Barangay 78,Caloocan
1380100079,Barangay 79,Caloocan
1380100080,Barangay 80,Caloocan
1380100081,Barangay 81,Caloocan
1380100082,Barangay 82,Caloocan
1380100083,Barangay 83,Caloocan
1380100084,Barangay 84,Caloocan
1380100085,Barangay 85,Caloocan
1380100086,Barangay 86,Caloocan
1380100087,Barangay 87,Caloocan
1380100088,Barangay 88,Caloocan
1380100089,Barangay 89,Caloocan
1380100090,Barangay 90,Caloocan
1380100091,Barangay 91,Caloocan
1380100092,Barangay 92,Caloocan
1380100093,Barangay 93,Caloocan
1380100094,Barangay 94,Caloocan
1380100095,Barangay 95,Caloocan
1380100096,Barangay 96,Caloocan
1380100097,Barangay 97,Caloocan
1380100098,Barangay 98,Caloocan
1380100099,Barangay 99,Caloocan
1380100100,Barangay 100,Caloocan
1380100101,Barangay 101,Caloocan
1380100102,Barangay 102,Caloocan
1380100103,Barangay 103,Caloocan
1380100104,Barangay 104,Caloocan
1380100105,Barangay 105,Caloocan
1380100106,Barangay 106,Caloocan
1380100107,Barangay 107,Caloocan
1380100108,Barangay 108,Caloocan
1380100109,Barangay 109,Caloocan
1380100110,Barangay 110,Caloocan
1380100111,Barangay 111,Caloocan
1380100112,Barangay 112,Caloocan
1380100113,Barangay 113,Caloocan
1380100114,Barangay 114,Caloocan
1380100115,Barangay 115,Caloocan
1380100116,Barangay 116,Caloocan
1380100117,Barangay 117,Caloocan
1380100118,Barangay 118,Caloocan
1380100119,Barangay 119,Caloocan
1380100120,Barangay 120,Caloocan
1380100121,Barangay 121,Caloocan
1380100122,Barangay 122,Caloocan
1380100123,Barangay 123,Caloocan
1380100124,Barangay 124,Caloocan
1380100125,Barangay 125,Caloocan
1380100126,Barangay 126,Caloocan
1380100127,Barangay 127,Caloocan
1380100128,Barangay 128,Caloocan
1380100129,Barangay 129,Caloocan
1380100130,Barangay 130,Caloocan
1380100131,Barangay 131,Caloocan
1380100132,Barangay 132,Caloocan
1380100133,Barangay 133,Caloocan
1380100134,Barangay 134,Caloocan
1380100135,Barangay 135,Caloocan
1380100136,Barangay 136,Caloocan
1380100137,Barangay 137,Caloocan
1380100138,Barangay 138,Caloocan
1380100139,Barangay 139,Caloocan
1380100140,Barangay 140,Caloocan
1380100141,Barangay 141,Caloocan
1380100142,Barangay 142,Caloocan
1380100143,Barangay 143,Caloocan
1380100144,Barangay 144,Caloocan
1380100145,Barangay 145,Caloocan
1380100146,Barangay 146,Caloocan
1380100147,Barangay 147,Caloocan
1380100148,Barangay 148,Caloocan
1380100149,Barangay 149,Caloocan
1380100150,Barangay 150,Caloocan
1380100151,Barangay 151,Caloocan
1380100152,Barangay 152,Caloocan
1380100153,Barangay 153,Caloocan
1380100154,Barangay 154,Caloocan
1380100155,Barangay 155,Caloocan
1380100156,Barangay 156,Caloocan
1380100157,Barangay 157,Caloocan
1380100158,Barangay 158,Caloocan
1380100159,Barangay 159,Caloocan
1380100160,Barangay 160,Caloocan
1380100161,Barangay 161,Caloocan
1380100162,Barangay 162,Caloocan
1380100163,Barangay 163,Caloocan
1380100164,Barangay 164,Caloocan
1380100165,Barangay 165,Caloocan
1380100166,Barangay 166,Caloocan
1380100167,Barangay 167,Caloocan
1380100168,Barangay 168,Caloocan
1380100169,Barangay 169,Caloocan
1380100170,Barangay 170,Caloocan
1380100171,Barangay 171,Caloocan
1380100172,Barangay 172,Caloocan
1380100173,Barangay 173,Caloocan
1380100174,Barangay 174,Caloocan
1380100175,Barangay 175,Caloocan
1380100177,Barangay 177,Caloocan
1380100178,Barangay 178,Caloocan
1380100179,Barangay 179,Caloocan
1380100180,Barangay 180,Caloocan
1380100181,Barangay 181,Caloocan
1380100182,Barangay 182,Caloocan
1380100183,Barangay 183,Caloocan
1380100184,Barangay 184,Caloocan
1380100185,Barangay 185,Caloocan
1380100186,Barangay 186,Caloocan
1380100187,Barangay 187,Caloocan
1380100188,Barangay 188,Caloocan
1380100189,Barangay 176-A,Caloocan
1380100190,Barangay 176-B,Caloocan
1380100191,Barangay 176-C,Caloocan
1380100192,Barangay 176-D,Caloocan
1380100193,Barangay 176-E,Caloocan
1380100194,Barangay 176-F,Caloocan
1380200001,Almanza Uno,Las Piñas
1380200002,Daniel Fajardo,Las Piñas
1380200003,Elias Aldana,Las Piñas
1380200004,Ilaya,Las Piñas
1380200005,Manuyo Uno,Las Piñas
1380200006,Pamplona Uno,Las Piñas
1380200007,Pulang Lupa Uno,Las Piñas
1380200008,Talon Uno,Las Piñas
1380200009,Zapote,Las Piñas
1380200010,Almanza Dos,Las Piñas
1380200011,B. F. International Village,Las Piñas
1380200012,Manuyo Dos,Las Piñas
1380200013,Pamplona Dos,Las Piñas
1380200014,Pamplona Tres,Las Piñas
1380200015,Pilar,Las Piñas
1380200016,Pulang Lupa Dos,Las Piñas
1380200017,Talon Dos,Las Piñas
1380200018,Talon Tres,Las Piñas
1380200019,Talon Kuatro,Las Piñas
1380200020,Talon Singko,Las Piñas
1380300001,Bangkal,Makati
1380300002,Bel-Air,Makati
1380300005,Carmona,Makati
1380300006,Dasmariñas,Makati
1380300008,Forbes Park,Makati
1380300009,Guadalupe Nuevo,Makati
1380300010,Guadalupe Viejo,Makati
1380300011,Kasilawan,Makati
1380300012,La Paz,Makati
1380300013,Magallanes,Makati
1380300014,Olympia,Makati
1380300015,Palanan,Makati
1380300017,Pinagkaisahan,Makati
1380300018,Pio Del Pilar,Makati
1380300020,Poblacion,Makati
1380300023,San Antonio,Makati
1380300024,San Isidro,Makati
1380300025,San Lorenzo,Makati
1380300026,Santa Cruz,Makati
1380300027,Singkamas,Makati
1380300029,Tejeros,Makati
1380300030,Urdaneta,Makati
1380300031,Valenzuela,Makati
1380400001,Acacia,Malabon
1380400002,Baritan,Malabon
1380400003,Bayan-bayanan,Malabon
1380400004,Catmon,Malabon
1380400005,Concepcion,Malabon
1380400006,Dampalit,Malabon
1380400007,Flores,Malabon
1380400008,Hulong Duhat,Malabon
1380400009,Ibaba,Malabon
1380400010,Longos,Malabon
1380400011,Maysilo,Malabon
1380400012,Muzon,Malabon
1380400013,Niugan,Malabon
1380400014,Panghulo,Malabon
1380400015,Potrero,Malabon
1380400016,San Agustin,Malabon
1380400017,Santolan,Malabon
1380400018,Tañong ,Malabon
1380400019,Tinajeros,Malabon
1380400020,Tonsuya,Malabon
1380400021,Tugatog,Malabon
1380500001,Addition Hills,Mandaluyong
1380500002,Bagong Silang,Mandaluyong
1380500003,Barangka Drive,Mandaluyong
1380500004,Barangka Ibaba,Mandaluyong
1380500005,Barangka Ilaya,Mandaluyong
1380500006,Barangka Itaas,Mandaluyong
1380500007,Burol,Mandaluyong
1380500008,Buayang Bato,Mandaluyong
1380500009,Daang Bakal,Mandaluyong
1380500010,Hagdang Bato Itaas,Mandaluyong
1380500011,Hagdang Bato Libis,Mandaluyong
1380500012,Harapin Ang Bukas,Mandaluyong
1380500013,Highway Hills,Mandaluyong
1380500014,Hulo,Mandaluyong
1380500015,Mabini-J. Rizal,Mandaluyong
1380500016,Malamig,Mandaluyong
1380500017,Mauway,Mandaluyong
1380500018,Namayan,Mandaluyong
1380500019,New Zañiga,Mandaluyong
1380500020,Old Zañiga,Mandaluyong
1380500021,Pag-asa,Mandaluyong
1380500022,Plainview,Mandaluyong
1380500023,Pleasant Hills,Mandaluyong
1380500024,Poblacion,Mandaluyong
1380500025,San Jose,Mandaluyong
1380500026,Vergara,Mandaluyong
1380500027,Wack-wack Greenhills,Mandaluyong
1380601001,Barangay 1,Manila
1380601002,Barangay 2,Manila
1380601003,Barangay 3,Manila
1380601004,Barangay 4,Manila
1380601005,Barangay 5,Manila
1380601006,Barangay 6,Manila
1380601007,Barangay 7,Manila
1380601008,Barangay 8,Manila
1380601009,Barangay 9,Manila
1380601010,Barangay 10,Manila
1380601011,Barangay 11,Manila
1380601012,Barangay 12,Manila
1380601013,Barangay 13,Manila
1380601014,Barangay 14,Manila
1380601015,Barangay 15,Manila
1380601016,Barangay 16,Manila
1380601017,Barangay 17,Manila
1380601018,Barangay 18,Manila
1380601019,Barangay 19,Manila
1380601020,Barangay 20,Manila
1380601025,Barangay 25,Manila
1380601026,Barangay 26,Manila
1380601028,Barangay 28,Manila
1380601029,Barangay 29,Manila
1380601030,Barangay 30,Manila
1380601031,Barangay 31,Manila
1380601032,Barangay 32,Manila
1380601033,Barangay 33,Manila
1380601034,Barangay 34,Manila
1380601035,Barangay 35,Manila
1380601036,Barangay 36,Manila
1380601037,Barangay 37,Manila
1380601038,Barangay 38,Manila
1380601039,Barangay 39,Manila
1380601041,Barangay 41,Manila
1380601042,Barangay 42,Manila
1380601043,Barangay 43,Manila
1380601044,Barangay 44,Manila
1380601045,Barangay 45,Manila
1380601046,Barangay 46,Manila
1380601047,Barangay 47,Manila
1380601048,Barangay 48,Manila
1380601049,Barangay 49,Manila
1380601050,Barangay 50,Manila
1380601051,Barangay 51,Manila
1380601052,Barangay 52,Manila
1380601053,Barangay 53,Manila
1380601054,Barangay 54,Manila
1380601055,Barangay 55,Manila
1380601056,Barangay 56,Manila
1380601057,Barangay 57,Manila
1380601058,Barangay 58,Manila
1380601059,Barangay 59,Manila
1380601060,Barangay 60,Manila
1380601061,Barangay 61,Manila
1380601062,Barangay 62,Manila
1380601063,Barangay 63,Manila
1380601064,Barangay 64,Manila
1380601065,Barangay 65,Manila
1380601066,Barangay 66,Manila
1380601067,Barangay 67,Manila
1380601068,Barangay 68,Manila
1380601069,Barangay 69,Manila
1380601070,Barangay 70,Manila
1380601071,Barangay 71,Manila
1380601072,Barangay 72,Manila
1380601073,Barangay 73,Manila
1380601074,Barangay 74,Manila
1380601075,Barangay 75,Manila
1380601076,Barangay 76,Manila
1380601077,Barangay 77,Manila
1380601078,Barangay 78,Manila
1380601079,Barangay 79,Manila
1380601080,Barangay 80,Manila
1380601081,Barangay 81,Manila
1380601082,Barangay 82,Manila
1380601083,Barangay 83,Manila
1380601084,Barangay 84,Manila
1380601085,Barangay 85,Manila
1380601086,Barangay 86,Manila
1380601087,Barangay 87,Manila
1380601088,Barangay 88,Manila
1380601089,Barangay 89,Manila
1380601090,Barangay 90,Manila
1380601091,Barangay 91,Manila
1380601092,Barangay 92,Manila
1380601093,Barangay 93,Manila
1380601094,Barangay 94,Manila
1380601095,Barangay 95,Manila
1380601096,Barangay 96,Manila
1380601097,Barangay 97,Manila
1380601098,Barangay 98,Manila
1380601099,Barangay 99,Manila
1380601100,Barangay 100,Manila
1380601101,Barangay 101,Manila
1380601102,Barangay 102,Manila
1380601103,Barangay 103,Manila
1380601104,Barangay 104,Manila
1380601105,Barangay 105,Manila
1380601106,Barangay 106,Manila
1380601107,Barangay 107,Manila
1380601108,Barangay 108,Manila
1380601109,Barangay 109,Manila
1380601110,Barangay 110,Manila
1380601111,Barangay 111,Manila
1380601112,Barangay 112,Manila
1380601116,Barangay 116,Manila
1380601117,Barangay 117,Manila
1380601118,Barangay 118,Manila
1380601119,Barangay 119,Manila
1380601120,Barangay 120,Manila
1380601121,Barangay 121,Manila
1380601122,Barangay 122,Manila
1380601123,Barangay 123,Manila
1380601124,Barangay 124,Manila
1380601125,Barangay 125,Manila
1380601126,Barangay 126,Manila
1380601127,Barangay 127,Manila
1380601128,Barangay 128,Manila
1380601129,Barangay 129,Manila
1380601130,Barangay 130,Manila
1380601131,Barangay 131,Manila
1380601132,Barangay 132,Manila
1380601133,Barangay 133,Manila
1380601134,Barangay 134,Manila
1380601135,Barangay 135,Manila
1380601136,Barangay 136,Manila
1380601137,Barangay 137,Manila
1380601138,Barangay 138,Manila
1380601139,Barangay 139,Manila
1380601140,Barangay 140,Manila
1380601141,Barangay 141,Manila
1380601142,Barangay 142,Manila
1380601143,Barangay 143,Manila
1380601144,Barangay 144,Manila
1380601145,Barangay 145,Manila
1380601146,Barangay 146,Manila
1380601147,Barangay 147,Manila
1380601148,Barangay 148,Manila
1380601149,Barangay 149,Manila
1380601150,Barangay 150,Manila
1380601151,Barangay 151,Manila
1380601152,Barangay 152,Manila
1380601153,Barangay 153,Manila
1380601154,Barangay 154,Manila
1380601155,Barangay 155,Manila
1380601156,Barangay 156,Manila
1380601157,Barangay 157,Manila
1380601158,Barangay 158,Manila
1380601159,Barangay 159,Manila
1380601160,Barangay 160,Manila
1380601161,Barangay 161,Manila
1380601162,Barangay 162,Manila
1380601163,Barangay 163,Manila
1380601164,Barangay 164,Manila
1380601165,Barangay 165,Manila
1380601166,Barangay 166,Manila
1380601167,Barangay 167,Manila
1380601168,Barangay 168,Manila
1380601169,Barangay 169,Manila
1380601170,Barangay 170,Manila
1380601171,Barangay 171,Manila
1380601172,Barangay 172,Manila
1380601173,Barangay 173,Manila
1380601174,Barangay 174,Manila
1380601175,Barangay 175,Manila
1380601176,Barangay 176,Manila
1380601177,Barangay 177,Manila
1380601178,Barangay 178,Manila
1380601179,Barangay 179,Manila
1380601180,Barangay 180,Manila
1380601181,Barangay 181,Manila
1380601182,Barangay 182,Manila
1380601183,Barangay 183,Manila
1380601184,Barangay 184,Manila
1380601185,Barangay 185,Manila
1380601186,Barangay 186,Manila
1380601187,Barangay 187,Manila
1380601188,Barangay 188,Manila
1380601189,Barangay 189,Manila
1380601190,Barangay 190,Manila
1380601191,Barangay 191,Manila
1380601192,Barangay 192,Manila
1380601193,Barangay 193,Manila
1380601194,Barangay 194,Manila
1380601195,Barangay 195,Manila
1380601196,Barangay 196,Manila
1380601197,Barangay 197,Manila
1380601198,Barangay 198,Manila
1380601199,Barangay 199,Manila
1380601200,Barangay 200,Manila
1380601201,Barangay 201,Manila
1380601202,Barangay 202,Manila
1380601203,Barangay 202-A,Manila
1380601204,Barangay 203,Manila
1380601205,Barangay 204,Manila
1380601206,Barangay 205,Manila
1380601207,Barangay 206,Manila
1380601208,Barangay 207,Manila
1380601209,Barangay 208,Manila
1380601210,Barangay 209,Manila
1380601211,Barangay 210,Manila
1380601212,Barangay 211,Manila
1380601213,Barangay 212,Manila
1380601214,Barangay 213,Manila
1380601215,Barangay 214,Manila
1380601216,Barangay 215,Manila
1380601217,Barangay 216,Manila
1380601218,Barangay 217,Manila
1380601219,Barangay 218,Manila
1380601220,Barangay 219,Manila
1380601221,Barangay 220,Manila
1380601222,Barangay 221,Manila
1380601223,Barangay 222,Manila
1380601224,Barangay 223,Manila
1380601225,Barangay 224,Manila
1380601226,Barangay 225,Manila
1380601227,Barangay 226,Manila
1380601228,Barangay 227,Manila
1380601229,Barangay 228,Manila
1380601230,Barangay 229,Manila
1380601231,Barangay 230,Manila
1380601232,Barangay 231,Manila
1380601233,Barangay 232,Manila
1380601234,Barangay 233,Manila
1380601235,Barangay 234,Manila
1380601236,Barangay 235,Manila
1380601237,Barangay 236,Manila
1380601238,Barangay 237,Manila
1380601239,Barangay 238,Manila
1380601240,Barangay 239,Manila
1380601241,Barangay 240,Manila
1380601242,Barangay 241,Manila
1380601243,Barangay 242,Manila
1380601244,Barangay 243,Manila
1380601245,Barangay 244,Manila
1380601246,Barangay 245,Manila
1380601247,Barangay 246,Manila
1380601248,Barangay 247,Manila
1380601249,Barangay 248,Manila
1380601250,Barangay 249,Manila
1380601251,Barangay 250,Manila
1380601252,Barangay 251,Manila
1380601253,Barangay 252,Manila
1380601254,Barangay 253,Manila
1380601255,Barangay 254,Manila
1380601256,Barangay 255,Manila
1380601257,Barangay 256,Manila
1380601258,Barangay 257,Manila
1380601259,Barangay 258,Manila
1380601260,Barangay 259,Manila
1380601261,Barangay 260,Manila
1380601262,Barangay 261,Manila
1380601263,Barangay 262,Manila
1380601264,Barangay 263,Manila
1380601265,Barangay 264,Manila
1380601266,Barangay 265,Manila
1380601267,Barangay 266,Manila
1380601268,Barangay 267,Manila
1380602001,Barangay 287,Manila
1380602002,Barangay 288,Manila
1380602003,Barangay 289,Manila
1380602004,Barangay 290,Manila
1380602005,Barangay 291,Manila
1380602006,Barangay 292,Manila
1380602007,Barangay 293,Manila
1380602008,Barangay 294,Manila
1380602009,Barangay 295,Manila
1380602010,Barangay 296,Manila
1380603003,Barangay 383,Manila
1380603004,Barangay 384,Manila
1380603005,Barangay 385,Manila
1380603006,Barangay 386,Manila
1380603007,Barangay 387,Manila
1380603008,Barangay 388,Manila
1380603009,Barangay 389,Manila
1380603010,Barangay 390,Manila
1380603011,Barangay 391,Manila
1380603012,Barangay 392,Manila
1380603013,Barangay 393,Manila
1380603014,Barangay 394,Manila
1380603015,Barangay 306,Manila
1380603016,Barangay 307,Manila
1380603017,Barangay 308,Manila
1380603018,Barangay 309,Manila
1380604001,Barangay 268,Manila
1380604002,Barangay 269,Manila
1380604003,Barangay 270,Manila
1380604004,Barangay 271,Manila
1380604005,Barangay 272,Manila
1380604006,Barangay 273,Manila
1380604007,Barangay 274,Manila
1380604008,Barangay 275,Manila
1380604009,Barangay 276,Manila
1380604014,Barangay 281,Manila
1380604015,Barangay 282,Manila
1380604016,Barangay 283,Manila
1380604017,Barangay 284,Manila
1380604018,Barangay 285,Manila
1380604019,Barangay 286,Manila
1380605001,Barangay 297,Manila
1380605002,Barangay 298,Manila
1380605003,Barangay 299,Manila
1380605004,Barangay 300,Manila
1380605005,Barangay 301,Manila
1380605006,Barangay 302,Manila
1380605007,Barangay 303,Manila
1380605008,Barangay 304,Manila
1380605009,Barangay 305,Manila
1380605012,Barangay 310,Manila
1380605013,Barangay 311,Manila
1380605014,Barangay 312,Manila
1380605015,Barangay 313,Manila
1380605016,Barangay 314,Manila
1380605017,Barangay 315,Manila
1380605018,Barangay 316,Manila
1380605019,Barangay 317,Manila
1380605020,Barangay 318,Manila
1380605021,Barangay 319,Manila
1380605022,Barangay 320,Manila
1380605023,Barangay 321,Manila
1380605024,Barangay 322,Manila
1380605025,Barangay 323,Manila
1380605026,Barangay 324,Manila
1380605027,Barangay 325,Manila
1380605028,Barangay 326,Manila
1380605029,Barangay 327,Manila
1380605030,Barangay 328,Manila
1380605031,Barangay 329,Manila
1380605032,Barangay 330,Manila
1380605033,Barangay 331,Manila
1380605034,Barangay 332,Manila
1380605035,Barangay 333,Manila
1380605036,Barangay 334,Manila
1380605037,Barangay 335,Manila
1380605038,Barangay 336,Manila
1380605039,Barangay 337,Manila
1380605040,Barangay 338,Manila
1380605041,Barangay 339,Manila
1380605042,Barangay 340,Manila
1380605043,Barangay 341,Manila
1380605044,Barangay 342,Manila
1380605045,Barangay 343,Manila
1380605046,Barangay 344,Manila
1380605047,Barangay 345,Manila
1380605048,Barangay 346,Manila
1380605049,Barangay 347,Manila
1380605050,Barangay 348,Manila
1380605051,Barangay 349,Manila
1380605052,Barangay 350,Manila
1380605053,Barangay 351,Manila
1380605054,Barangay 352,Manila
1380605055,Barangay 353,Manila
1380605056,Barangay 354,Manila
1380605057,Barangay 355,Manila
1380605058,Barangay 356,Manila
1380605059,Barangay 357,Manila
1380605060,Barangay 358,Manila
1380605061,Barangay 359,Manila
1380605062,Barangay 360,Manila
1380605063,Barangay 361,Manila
1380605064,Barangay 362,Manila
1380605065,Barangay 363,Manila
1380605066,Barangay 364,Manila
1380605067,Barangay 365,Manila
1380605069,Barangay 366,Manila
1380605070,Barangay 367,Manila
1380605071,Barangay 368,Manila
1380605072,Barangay 369,Manila
1380605073,Barangay 370,Manila
1380605074,Barangay 371,Manila
1380605075,Barangay 372,Manila
1380605076,Barangay 373,Manila
1380605077,Barangay 374,Manila
1380605078,Barangay 375,Manila
1380605079,Barangay 376,Manila
1380605080,Barangay 377,Manila
1380605081,Barangay 378,Manila
1380605082,Barangay 379,Manila
1380605083,Barangay 380,Manila
1380605084,Barangay 381,Manila
1380605085,Barangay 382,Manila
1380606001,Barangay 395,Manila
1380606002,Barangay 396,Manila
1380606003,Barangay 397,Manila
1380606004,Barangay 398,Manila
1380606005,Barangay 399,Manila
1380606006,Barangay 400,Manila
1380606007,Barangay 401,Manila
1380606008,Barangay 402,Manila
1380606009,Barangay 403,Manila
1380606010,Barangay 404,Manila
1380606011,Barangay 405,Manila
1380606012,Barangay 406,Manila
1380606013,Barangay 407,Manila
1380606014,Barangay 408,Manila
1380606015,Barangay 409,Manila
1380606016,Barangay 410,Manila
1380606017,Barangay 411,Manila
1380606018,Barangay 412,Manila
1380606019,Barangay 413,Manila
1380606020,Barangay 414,Manila
1380606021,Barangay 415,Manila
1380606022,Barangay 416,Manila
1380606023,Barangay 417,Manila
1380606024,Barangay 418,Manila
1380606025,Barangay 419,Manila
1380606026,Barangay 420,Manila
1380606027,Barangay 421,Manila
1380606028,Barangay 422,Manila
1380606029,Barangay 423,Manila
1380606030,Barangay 424,Manila
1380606031,Barangay 425,Manila
1380606032,Barangay 426,Manila
1380606033,Barangay 427,Manila
1380606034,Barangay 428,Manila
1380606035,Barangay 429,Manila
1380606036,Barangay 430,Manila
1380606037,Barangay 431,Manila
1380606038,Barangay 432,Manila
1380606039,Barangay 433,Manila
1380606040,Barangay 434,Manila
1380606041,Barangay 435,Manila
1380606042,Barangay 436,Manila
1380606043,Barangay 437,Manila
1380606044,Barangay 438,Manila
1380606045,Barangay 439,Manila
1380606046,Barangay 440,Manila
1380606047,Barangay 441,Manila
1380606048,Barangay 442,Manila
1380606049,Barangay 443,Manila
1380606050,Barangay 444,Manila
1380606051,Barangay 445,Manila
1380606052,Barangay 446,Manila
1380606053,Barangay 447,Manila
1380606054,Barangay 448,Manila
1380606055,Barangay 449,Manila
1380606056,Barangay 450,Manila
1380606057,Barangay 451,Manila
1380606058,Barangay 452,Manila
1380606059,Barangay 453,Manila
1380606060,Barangay 454,Manila
1380606061,Barangay 455,Manila
1380606062,Barangay 456,Manila
1380606063,Barangay 457,Manila
1380606064,Barangay 458,Manila
1380606065,Barangay 459,Manila
1380606066,Barangay 460,Manila
1380606067,Barangay 461,Manila
1380606068,Barangay 462,Manila
1380606069,Barangay 463,Manila
1380606070,Barangay 464,Manila
1380606071,Barangay 465,Manila
1380606072,Barangay 466,Manila
1380606073,Barangay 467,Manila
1380606074,Barangay 468,Manila
1380606075,Barangay 469,Manila
1380606076,Barangay 470,Manila
1380606077,Barangay 471,Manila
1380606078,Barangay 472,Manila
1380606079,Barangay 473,Manila
1380606080,Barangay 474,Manila
1380606081,Barangay 475,Manila
1380606082,Barangay 476,Manila
1380606083,Barangay 477,Manila
1380606084,Barangay 478,Manila
1380606085,Barangay 479,Manila
1380606086,Barangay 480,Manila
1380606087,Barangay 481,Manila
1380606088,Barangay 482,Manila
1380606089,Barangay 483,Manila
1380606090,Barangay 484,Manila
1380606091,Barangay 485,Manila
1380606092,Barangay 486,Manila
1380606093,Barangay 487,Manila
1380606094,Barangay 488,Manila
1380606095,Barangay 489,Manila
1380606096,Barangay 490,Manila
1380606097,Barangay 491,Manila
1380606098,Barangay 492,Manila
1380606099,Barangay 493,Manila
1380606100,Barangay 494,Manila
1380606101,Barangay 495,Manila
1380606102,Barangay 496,Manila
1380606103,Barangay 497,Manila
1380606104,Barangay 498,Manila
1380606105,Barangay 499,Manila
1380606106,Barangay 500,Manila
1380606107,Barangay 501,Manila
1380606108,Barangay 502,Manila
1380606109,Barangay 503,Manila
1380606110,Barangay 504,Manila
1380606111,Barangay 505,Manila
1380606112,Barangay 506,Manila
1380606113,Barangay 507,Manila
1380606114,Barangay 508,Manila
1380606115,Barangay 509,Manila
1380606116,Barangay 510,Manila
1380606117,Barangay 511,Manila
1380606118,Barangay 512,Manila
1380606119,Barangay 513,Manila
1380606120,Barangay 514,Manila
1380606121,Barangay 515,Manila
1380606122,Barangay 516,Manila
1380606123,Barangay 517,Manila
1380606124,Barangay 518,Manila
1380606125,Barangay 519,Manila
1380606126,Barangay 520,Manila
1380606127,Barangay 521,Manila
1380606128,Barangay 522,Manila
1380606129,Barangay 523,Manila
1380606130,Barangay 524,Manila
1380606131,Barangay 525,Manila
1380606132,Barangay 526,Manila
1380606133,Barangay 527,Manila
1380606134,Barangay 528,Manila
1380606135,Barangay 529,Manila
1380606136,Barangay 530,Manila
1380606137,Barangay 531,Manila
1380606138,Barangay 532,Manila
1380606139,Barangay 533,Manila
1380606140,Barangay 534,Manila
1380606141,Barangay 535,Manila
1380606142,Barangay 536,Manila
1380606143,Barangay 537,Manila
1380606144,Barangay 538,Manila
1380606145,Barangay 539,Manila
1380606146,Barangay 540,Manila
1380606147,Barangay 541,Manila
1380606148,Barangay 542,Manila
1380606149,Barangay 543,Manila
1380606150,Barangay 544,Manila
1380606151,Barangay 545,Manila
1380606152,Barangay 546,Manila
1380606153,Barangay 547,Manila
1380606154,Barangay 548,Manila
1380606155,Barangay 549,Manila
1380606156,Barangay 550,Manila
1380606157,Barangay 551,Manila
1380606158,Barangay 552,Manila
1380606159,Barangay 553,Manila
1380606160,Barangay 554,Manila
1380606161,Barangay 555,Manila
1380606162,Barangay 556,Manila
1380606163,Barangay 557,Manila
1380606164,Barangay 558,Manila
1380606165,Barangay 559,Manila
1380606166,Barangay 560,Manila
1380606167,Barangay 561,Manila
1380606168,Barangay 562,Manila
1380606169,Barangay 563,Manila
1380606170,Barangay 564,Manila
1380606171,Barangay 565,Manila
1380606172,Barangay 566,Manila
1380606173,Barangay 567,Manila
1380606174,Barangay 568,Manila
1380606175,Barangay 569,Manila
1380606176,Barangay 570,Manila
1380606177,Barangay 571,Manila
1380606178,Barangay 572,Manila
1380606179,Barangay 573,Manila
1380606180,Barangay 574,Manila
1380606181,Barangay 575,Manila
1380606182,Barangay 576,Manila
1380606183,Barangay 577,Manila
1380606184,Barangay 578,Manila
1380606185,Barangay 579,Manila
1380606186,Barangay 580,Manila
1380606187,Barangay 581,Manila
1380606188,Barangay 582,Manila
1380606189,Barangay 583,Manila
1380606190,Barangay 584,Manila
1380606191,Barangay 585,Manila
1380606192,Barangay 586,Manila
1380606193,Barangay 587,Manila
1380606194,Barangay 587-A,Manila
1380606195,Barangay 588,Manila
1380606196,Barangay 589,Manila
1380606197,Barangay 590,Manila
1380606198,Barangay 591,Manila
1380606199,Barangay 592,Manila
1380606200,Barangay 593,Manila
1380606201,Barangay 594,Manila
1380606202,Barangay 595,Manila
1380606203,Barangay 596,Manila
1380606204,Barangay 597,Manila
1380606205,Barangay 598,Manila
1380606206,Barangay 599,Manila
1380606207,Barangay 600,Manila
1380606208,Barangay 601,Manila
1380606209,Barangay 602,Manila
1380606210,Barangay 603,Manila
1380606211,Barangay 604,Manila
1380606212,Barangay 605,Manila
1380606213,Barangay 606,Manila
1380606214,Barangay 607,Manila
1380606215,Barangay 608,Manila
1380606216,Barangay 609,Manila
1380606217,Barangay 610,Manila
1380606218,Barangay 611,Manila
1380606219,Barangay 612,Manila
1380606220,Barangay 613,Manila
1380606221,Barangay 614,Manila
1380606222,Barangay 615,Manila
1380606223,Barangay 616,Manila
1380606224,Barangay 617,Manila
1380606225,Barangay 618,Manila
1380606226,Barangay 619,Manila
1380606227,Barangay 620,Manila
1380606228,Barangay 621,Manila
1380606229,Barangay 622,Manila
1380606230,Barangay 623,Manila
1380606231,Barangay 624,Manila
1380606232,Barangay 625,Manila
1380606233,Barangay 626,Manila
1380606234,Barangay 627,Manila
1380606235,Barangay 628,Manila
1380606236,Barangay 629,Manila
1380606237,Barangay 630,Manila
1380606238,Barangay 631,Manila
1380606239,Barangay 632,Manila
1380606240,Barangay 633,Manila
1380606241,Barangay 634,Manila
1380606242,Barangay 635,Manila
1380606243,Barangay 636,Manila
1380607001,Barangay 637,Manila
1380607002,Barangay 638,Manila
1380607003,Barangay 639,Manila
1380607004,Barangay 640,Manila
1380607005,Barangay 641,Manila
1380607006,Barangay 642,Manila
1380607007,Barangay 643,Manila
1380607008,Barangay 644,Manila
1380607009,Barangay 645,Manila
1380607010,Barangay 646,Manila
1380607011,Barangay 647,Manila
1380607012,Barangay 648,Manila
1380608001,Barangay 659,Manila
1380608002,Barangay 659-A,Manila
1380608003,Barangay 660,Manila
1380608004,Barangay 660-A,Manila
1380608005,Barangay 661,Manila
1380608008,Barangay 666,Manila
1380608009,Barangay 667,Manila
1380608010,Barangay 668,Manila
1380608011,Barangay 669,Manila
1380608012,Barangay 670,Manila
1380608013,Barangay 663,Manila
1380608014,Barangay 663-A,Manila
1380608015,Barangay 664,Manila
1380609001,Barangay 654,Manila
1380609002,Barangay 655,Manila
1380609003,Barangay 656,Manila
1380609004,Barangay 657,Manila
1380609005,Barangay 658,Manila
1380610004,Barangay 689,Manila
1380610005,Barangay 690,Manila
1380610006,Barangay 691,Manila
1380610007,Barangay 692,Manila
1380610008,Barangay 693,Manila
1380610009,Barangay 694,Manila
1380610010,Barangay 695,Manila
1380610011,Barangay 696,Manila
1380610012,Barangay 697,Manila
1380610013,Barangay 698,Manila
1380610014,Barangay 699,Manila
1380610015,Barangay 700,Manila
1380610016,Barangay 701,Manila
1380610017,Barangay 702,Manila
1380610018,Barangay 703,Manila
1380610019,Barangay 704,Manila
1380610020,Barangay 705,Manila
1380610021,Barangay 706,Manila
1380610022,Barangay 707,Manila
1380610023,Barangay 708,Manila
1380610024,Barangay 709,Manila
1380610025,Barangay 710,Manila
1380610026,Barangay 711,Manila
1380610027,Barangay 712,Manila
1380610028,Barangay 713,Manila
1380610029,Barangay 714,Manila
1380610030,Barangay 715,Manila
1380610031,Barangay 716,Manila
1380610032,Barangay 717,Manila
1380610033,Barangay 718,Manila
1380610034,Barangay 719,Manila
1380610035,Barangay 720,Manila
1380610036,Barangay 721,Manila
1380610037,Barangay 722,Manila
1380610038,Barangay 723,Manila
1380610039,Barangay 724,Manila
1380610040,Barangay 725,Manila
1380610041,Barangay 726,Manila
1380610042,Barangay 727,Manila
1380610043,Barangay 728,Manila
1380610044,Barangay 729,Manila
1380610045,Barangay 730,Manila
1380610046,Barangay 731,Manila
1380610047,Barangay 732,Manila
1380610048,Barangay 733,Manila
1380610052,Barangay 738,Manila
1380610053,Barangay 739,Manila
1380610054,Barangay 740,Manila
1380610055,Barangay 741,Manila
1380610056,Barangay 742,Manila
1380610057,Barangay 743,Manila
1380610058,Barangay 744,Manila
1380610059,Barangay 688,Manila
1380610060,Barangay 735,Manila
1380610061,Barangay 736,Manila
1380610062,Barangay 737,Manila
1380610063,Barangay 734,Manila
1380611001,Barangay 662,Manila
1380611004,Barangay 664-A,Manila
1380611005,Barangay 671,Manila
1380611006,Barangay 672,Manila
1380611007,Barangay 673,Manila
1380611008,Barangay 674,Manila
1380611009,Barangay 675,Manila
1380611010,Barangay 676,Manila
1380611011,Barangay 677,Manila
1380611012,Barangay 678,Manila
1380611013,Barangay 679,Manila
1380611014,Barangay 680,Manila
1380611015,Barangay 681,Manila
1380611016,Barangay 682,Manila
1380611017,Barangay 683,Manila
1380611018,Barangay 684,Manila
1380611019,Barangay 685,Manila
1380611023,Barangay 809,Manila
1380611024,Barangay 810,Manila
1380611025,Barangay 811,Manila
1380611026,Barangay 812,Manila
1380611027,Barangay 813,Manila
1380611028,Barangay 814,Manila
1380611029,Barangay 815,Manila
1380611030,Barangay 816,Manila
1380611031,Barangay 817,Manila
1380611032,Barangay 818,Manila
1380611034,Barangay 819,Manila
1380611035,Barangay 820,Manila
1380611036,Barangay 821,Manila
1380611037,Barangay 822,Manila
1380611038,Barangay 823,Manila
1380611039,Barangay 824,Manila
1380611040,Barangay 825,Manila
1380611041,Barangay 826,Manila
1380611042,Barangay 827,Manila
1380611043,Barangay 828,Manila
1380611044,Barangay 829,Manila
1380611045,Barangay 830,Manila
1380611046,Barangay 831,Manila
1380611047,Barangay 832,Manila
1380611048,Barangay 686,Manila
1380611049,Barangay 687,Manila
1380612001,Barangay 833,Manila
1380612002,Barangay 834,Manila
1380612003,Barangay 835,Manila
1380612004,Barangay 836,Manila
1380612005,Barangay 837,Manila
1380612006,Barangay 838,Manila
1380612007,Barangay 839,Manila
1380612008,Barangay 840,Manila
1380612009,Barangay 841,Manila
1380612010,Barangay 842,Manila
1380612011,Barangay 843,Manila
1380612012,Barangay 844,Manila
1380612013,Barangay 845,Manila
1380612014,Barangay 846,Manila
1380612015,Barangay 847,Manila
1380612016,Barangay 848,Manila
1380612017,Barangay 849,Manila
1380612018,Barangay 850,Manila
1380612019,Barangay 851,Manila
1380612020,Barangay 852,Manila
1380612021,Barangay 853,Manila
1380612023,Barangay 855,Manila
1380612024,Barangay 856,Manila
1380612025,Barangay 857,Manila
1380612026,Barangay 858,Manila
1380612027,Barangay 859,Manila
1380612028,Barangay 860,Manila
1380612029,Barangay 861,Manila
1380612030,Barangay 862,Manila
1380612031,Barangay 863,Manila
1380612032,Barangay 864,Manila
1380612033,Barangay 865,Manila
1380612034,Barangay 867,Manila
1380612035,Barangay 868,Manila
1380612036,Barangay 870,Manila
1380612037,Barangay 871,Manila
1380612038,Barangay 872,Manila
1380612039,Barangay 869,Manila
1380613001,Barangay 649,Manila
1380613002,Barangay 650,Manila
1380613003,Barangay 651,Manila
1380613004,Barangay 652,Manila
1380613005,Barangay 653,Manila
1380614002,Barangay 745,Manila
1380614003,Barangay 746,Manila
1380614004,Barangay 747,Manila
1380614005,Barangay 748,Manila
1380614006,Barangay 749,Manila
1380614007,Barangay 750,Manila
1380614008,Barangay 751,Manila
1380614009,Barangay 752,Manila
1380614010,Barangay 753,Manila
1380614011,Barangay 755,Manila
1380614012,Barangay 756,Manila
1380614013,Barangay 757,Manila
1380614014,Barangay 758,Manila
1380614015,Barangay 759,Manila
1380614016,Barangay 760,Manila
1380614017,Barangay 761,Manila
1380614018,Barangay 762,Manila
1380614019,Barangay 763,Manila
1380614020,Barangay 764,Manila
1380614021,Barangay 765,Manila
1380614022,Barangay 766,Manila
1380614023,Barangay 767,Manila
1380614024,Barangay 768,Manila
1380614025,Barangay 769,Manila
1380614026,Barangay 770,Manila
1380614027,Barangay 771,Manila
1380614028,Barangay 772,Manila
1380614029,Barangay 773,Manila
1380614030,Barangay 774,Manila
1380614031,Barangay 775,Manila
1380614032,Barangay 776,Manila
1380614033,Barangay 777,Manila
1380614034,Barangay 778,Manila
1380614035,Barangay 779,Manila
1380614036,Barangay 780,Manila
1380614037,Barangay 781,Manila
1380614038,Barangay 782,Manila
1380614039,Barangay 783,Manila
1380614040,Barangay 784,Manila
1380614041,Barangay 785,Manila
1380614042,Barangay 786,Manila
1380614043,Barangay 787,Manila
1380614044,Barangay 788,Manila
1380614045,Barangay 789,Manila
1380614046,Barangay 790,Manila
1380614047,Barangay 791,Manila
1380614048,Barangay 792,Manila
1380614049,Barangay 793,Manila
1380614050,Barangay 794,Manila
1380614051,Barangay 795,Manila
1380614052,Barangay 796,Manila
1380614053,Barangay 797,Manila
1380614054,Barangay 798,Manila
1380614055,Barangay 799,Manila
1380614056,Barangay 800,Manila
1380614057,Barangay 801,Manila
1380614058,Barangay 802,Manila
1380614059,Barangay 803,Manila
1380614060,Barangay 804,Manila
1380614061,Barangay 805,Manila
1380614062,Barangay 806,Manila
1380614063,Barangay 807,Manila
1380614064,Barangay 866,Manila
1380614066,Barangay 873,Manila
1380614067,Barangay 874,Manila
1380614068,Barangay 875,Manila
1380614069,Barangay 876,Manila
1380614070,Barangay 877,Manila
1380614071,Barangay 878,Manila
1380614072,Barangay 879,Manila
1380614073,Barangay 880,Manila
1380614074,Barangay 881,Manila
1380614075,Barangay 882,Manila
1380614076,Barangay 883,Manila
1380614077,Barangay 884,Manila
1380614078,Barangay 885,Manila
1380614079,Barangay 886,Manila
1380614080,Barangay 887,Manila
1380614081,Barangay 888,Manila
1380614082,Barangay 889,Manila
1380614083,Barangay 890,Manila
1380614084,Barangay 891,Manila
1380614085,Barangay 892,Manila
1380614086,Barangay 893,Manila
1380614087,Barangay 894,Manila
1380614088,Barangay 895,Manila
1380614089,Barangay 896,Manila
1380614090,Barangay 897,Manila
1380614091,Barangay 898,Manila
1380614092,Barangay 899,Manila
1380614093,Barangay 900,Manila
1380614094,Barangay 901,Manila
1380614095,Barangay 902,Manila
1380614096,Barangay 903,Manila
1380614097,Barangay 904,Manila
1380614098,Barangay 905,Manila
1380614099,Barangay 754,Manila
1380614100,Barangay 808,Manila
1380614101,Barangay 818-A,Manila
1380700001,Barangka,Marikina
1380700002,Calumpang,Marikina
1380700003,Concepcion Uno,Marikina
1380700004,Jesus De La Peña,Marikina
1380700005,Malanday,Marikina
1380700006,Nangka,Marikina
1380700007,Parang,Marikina
1380700008,San Roque,Marikina
1380700009,Santa Elena ,Marikina
1380700010,Santo Niño,Marikina
1380700011,Tañong,Marikina
1380700012,Concepcion Dos,Marikina
1380700013,Marikina Heights,Marikina
1380700014,Industrial Valley,Marikina
1380700015,Fortune,Marikina
1380700016,Tumana,Marikina
1380800001,Alabang,Muntinlupa
1380800002,Bayanan,Muntinlupa
1380800003,Buli,Muntinlupa
1380800004,Cupang,Muntinlupa
1380800005,Poblacion,Muntinlupa
1380800006,Putatan,Muntinlupa
1380800007,Sucat,Muntinlupa
1380800008,Tunasan,Muntinlupa
1380800009,New Alabang Village,Muntinlupa
1380900001,Sipac-Almacen,Navotas
1380900002,Bagumbayan North,Navotas
1380900003,Bagumbayan South,Navotas
1380900004,Bangculasi,Navotas
1380900005,Daanghari,Navotas
1380900006,Navotas East,Navotas
1380900007,Navotas West,Navotas
1380900008,North Bay Boulevard North,Navotas
1380900009,NBBS Kaunlaran,Navotas
1380900010,San Jose ,Navotas
1380900011,San Rafael Village,Navotas
1380900012,San Roque,Navotas
1380900013,Tangos South,Navotas
1380900014,Tanza 1,Navotas
1380900015,NBBS Dagat-dagatan,Navotas
1380900016,NBBS Proper,Navotas
1380900017,Tangos North,Navotas
1380900018,Tanza 2,Navotas
1381000001,Baclaran,Parañaque
1381000002,Don Galo,Parañaque
1381000003,La Huerta,Parañaque
1381000004,San Dionisio,Parañaque
1381000005,Santo Niño,Parañaque
1381000006,Tambo,Parañaque
1381000007,B. F. Homes,Parañaque
1381000008,Don Bosco,Parañaque
1381000009,Marcelo Green Village,Parañaque
1381000010,Merville,Parañaque
1381000011,Moonwalk,Parañaque
1381000012,San Antonio,Parañaque
1381000013,San Isidro,Parañaque
1381000014,San Martin De Porres,Parañaque
1381000015,Sun Valley,Parañaque
1381000016,Vitalez,Parañaque
1381100000,Pasay City,Pasay City
1381100001,Barangay 1,Pasay City
1381100002,Barangay 2,Pasay City
1381100003,Barangay 3,Pasay City
1381100004,Barangay 4,Pasay City
1381100005,Barangay 5,Pasay City
1381100006,Barangay 6,Pasay City
1381100007,Barangay 7,Pasay City
1381100008,Barangay 8,Pasay City
1381100009,Barangay 9,Pasay City
1381100010,Barangay 10,Pasay City
1381100011,Barangay 11,Pasay City
1381100012,Barangay 12,Pasay City
1381100013,Barangay 13,Pasay City
1381100014,Barangay 14,Pasay City
1381100015,Barangay 15,Pasay City
1381100016,Barangay 16,Pasay City
1381100017,Barangay 17,Pasay City
1381100018,Barangay 18,Pasay City
1381100019,Barangay 19,Pasay City
1381100020,Barangay 20,Pasay City
1381100021,Barangay 21,Pasay City
1381100022,Barangay 22,Pasay City
1381100023,Barangay 23,Pasay City
1381100024,Barangay 24,Pasay City
1381100025,Barangay 25,Pasay City
1381100026,Barangay 26,Pasay City
1381100027,Barangay 27,Pasay City
1381100028,Barangay 28,Pasay City
1381100029,Barangay 29,Pasay City
1381100030,Barangay 30,Pasay City
1381100031,Barangay 31,Pasay City
1381100032,Barangay 32,Pasay City
1381100033,Barangay 33,Pasay City
1381100034,Barangay 34,Pasay City
1381100035,Barangay 35,Pasay City
1381100036,Barangay 36,Pasay City
1381100037,Barangay 37,Pasay City
1381100038,Barangay 38,Pasay City
1381100039,Barangay 39,Pasay City
1381100040,Barangay 40,Pasay City
1381100041,Barangay 41,Pasay City
1381100042,Barangay 42,Pasay City
1381100043,Barangay 43,Pasay City
1381100044,Barangay 44,Pasay City
1381100045,Barangay 45,Pasay City
1381100046,Barangay 46,Pasay City
1381100047,Barangay 47,Pasay City
1381100048,Barangay 48,Pasay City
1381100049,Barangay 49,Pasay City
1381100050,Barangay 50,Pasay City
1381100051,Barangay 51,Pasay City
1381100052,Barangay 52,Pasay City
1381100053,Barangay 53,Pasay City
1381100054,Barangay 54,Pasay City
1381100055,Barangay 55,Pasay City
1381100056,Barangay 56,Pasay City
1381100057,Barangay 57,Pasay City
1381100058,Barangay 58,Pasay City
1381100059,Barangay 59,Pasay City
1381100060,Barangay 60,Pasay City
1381100061,Barangay 61,Pasay City
1381100062,Barangay 62,Pasay City
1381100063,Barangay 63,Pasay City
1381100064,Barangay 64,Pasay City
1381100065,Barangay 65,Pasay City
1381100066,Barangay 66,Pasay City
1381100067,Barangay 67,Pasay City
1381100068,Barangay 68,Pasay City
1381100069,Barangay 69,Pasay City
1381100070,Barangay 70,Pasay City
1381100071,Barangay 71,Pasay City
1381100072,Barangay 72,Pasay City
1381100073,Barangay 73,Pasay City
1381100074,Barangay 74,Pasay City
1381100075,Barangay 75,Pasay City
1381100076,Barangay 76,Pasay City
1381100077,Barangay 77,Pasay City
1381100078,Barangay 78,Pasay City
1381100079,Barangay 79,Pasay City
1381100080,Barangay 80,Pasay City
1381100081,Barangay 81,Pasay City
1381100082,Barangay 82,Pasay City
1381100083,Barangay 83,Pasay City
1381100084,Barangay 84,Pasay City
1381100085,Barangay 85,Pasay City
1381100086,Barangay 86,Pasay City
1381100087,Barangay 87,Pasay City
1381100088,Barangay 88,Pasay City
1381100089,Barangay 89,Pasay City
1381100090,Barangay 90,Pasay City
1381100091,Barangay 91,Pasay City
1381100092,Barangay 92,Pasay City
1381100093,Barangay 93,Pasay City
1381100094,Barangay 94,Pasay City
1381100095,Barangay 95,Pasay City
1381100096,Barangay 96,Pasay City
1381100097,Barangay 97,Pasay City
1381100098,Barangay 98,Pasay City
1381100099,Barangay 99,Pasay City
1381100100,Barangay 100,Pasay City
1381100101,Barangay 101,Pasay City
1381100102,Barangay 102,Pasay City
1381100103,Barangay 103,Pasay City
1381100104,Barangay 104,Pasay City
1381100105,Barangay 105,Pasay City
1381100106,Barangay 106,Pasay City
1381100107,Barangay 107,Pasay City
1381100108,Barangay 108,Pasay City
1381100109,Barangay 109,Pasay City
1381100110,Barangay 110,Pasay City
1381100111,Barangay 111,Pasay City
1381100112,Barangay 112,Pasay City
1381100113,Barangay 113,Pasay City
1381100114,Barangay 114,Pasay City
1381100115,Barangay 115,Pasay City
1381100116,Barangay 116,Pasay City
1381100117,Barangay 117,Pasay City
1381100118,Barangay 118,Pasay City
1381100119,Barangay 119,Pasay City
1381100120,Barangay 120,Pasay City
1381100121,Barangay 121,Pasay City
1381100122,Barangay 122,Pasay City
1381100123,Barangay 123,Pasay City
1381100124,Barangay 124,Pasay City
1381100125,Barangay 125,Pasay City
1381100126,Barangay 126,Pasay City
1381100127,Barangay 127,Pasay City
1381100128,Barangay 128,Pasay City
1381100129,Barangay 129,Pasay City
1381100130,Barangay 130,Pasay City
1381100131,Barangay 131,Pasay City
1381100132,Barangay 132,Pasay City
1381100133,Barangay 133,Pasay City
1381100134,Barangay 134,Pasay City
1381100135,Barangay 135,Pasay City
1381100136,Barangay 136,Pasay City
1381100137,Barangay 137,Pasay City
1381100138,Barangay 138,Pasay City
1381100139,Barangay 139,Pasay City
1381100140,Barangay 140,Pasay City
1381100141,Barangay 141,Pasay City
1381100142,Barangay 142,Pasay City
1381100143,Barangay 143,Pasay City
1381100144,Barangay 144,Pasay City
1381100145,Barangay 145,Pasay City
1381100146,Barangay 146,Pasay City
1381100147,Barangay 147,Pasay City
1381100148,Barangay 148,Pasay City
1381100149,Barangay 149,Pasay City
1381100150,Barangay 150,Pasay City
1381100151,Barangay 151,Pasay City
1381100152,Barangay 152,Pasay City
1381100153,Barangay 153,Pasay City
1381100154,Barangay 154,Pasay City
1381100155,Barangay 155,Pasay City
1381100156,Barangay 156,Pasay City
1381100157,Barangay 157,Pasay City
1381100158,Barangay 158,Pasay City
1381100159,Barangay 159,Pasay City
1381100160,Barangay 160,Pasay City
1381100161,Barangay 161,Pasay City
1381100162,Barangay 162,Pasay City
1381100163,Barangay 163,Pasay City
1381100164,Barangay 164,Pasay City
1381100165,Barangay 165,Pasay City
1381100166,Barangay 166,Pasay City
1381100167,Barangay 167,Pasay City
1381100168,Barangay 168,Pasay City
1381100169,Barangay 169,Pasay City
1381100170,Barangay 170,Pasay City
1381100171,Barangay 171,Pasay City
1381100172,Barangay 172,Pasay City
1381100173,Barangay 173,Pasay City
1381100174,Barangay 174,Pasay City
1381100175,Barangay 175,Pasay City
1381100176,Barangay 176,Pasay City
1381100177,Barangay 177,Pasay City
1381100178,Barangay 178,Pasay City
1381100179,Barangay 179,Pasay City
1381100180,Barangay 180,Pasay City
1381100181,Barangay 181,Pasay City
1381100182,Barangay 182,Pasay City
1381100183,Barangay 183,Pasay City
1381100184,Barangay 184,Pasay City
1381100185,Barangay 185,Pasay City
1381100186,Barangay 186,Pasay City
1381100187,Barangay 187,Pasay City
1381100188,Barangay 188,Pasay City
1381100189,Barangay 189,Pasay City
1381100190,Barangay 190,Pasay City
1381100191,Barangay 191,Pasay City
1381100192,Barangay 192,Pasay City
1381100193,Barangay 193,Pasay City
1381100194,Barangay 194,Pasay City
1381100195,Barangay 195,Pasay City
1381100196,Barangay 196,Pasay City
1381100197,Barangay 197,Pasay City
1381100198,Barangay 198,Pasay City
1381100199,Barangay 199,Pasay City
1381100200,Barangay 200,Pasay City
1381100201,Barangay 201,Pasay City
1381200001,Bagong Ilog,Pasig
1381200002,Bagong Katipunan,Pasig
1381200003,Bambang,Pasig
1381200004,Buting,Pasig
1381200005,Caniogan,Pasig
1381200006,Dela Paz,Pasig
1381200007,Kalawaan,Pasig
1381200008,Kapasigan,Pasig
1381200009,Kapitolyo,Pasig
1381200010,Malinao,Pasig
1381200011,Manggahan,Pasig
1381200012,Maybunga,Pasig
1381200013,Oranbo,Pasig
1381200014,Palatiw,Pasig
1381200015,Pinagbuhatan,Pasig
1381200016,Pineda,Pasig
1381200017,Rosario,Pasig
1381200018,Sagad,Pasig
1381200019,San Antonio,Pasig
1381200020,San Joaquin,Pasig
1381200021,San Jose,Pasig
1381200022,San Miguel,Pasig
1381200023,San Nicolas ,Pasig
1381200024,Santa Cruz,Pasig
1381200025,Santa Rosa,Pasig
1381200026,Santo Tomas,Pasig
1381200027,Santolan,Pasig
1381200028,Sumilang,Pasig
1381200029,Ugong,Pasig
1381200030,Santa Lucia,Pasig
1381300000,Quezon City,Quezon City
1381300001,Alicia,Quezon City
1381300002,Amihan,Quezon City
1381300003,Apolonio Samson,Quezon City
1381300004,Aurora,Quezon City
1381300005,Baesa,Quezon City
1381300006,Bagbag,Quezon City
1381300007,Bagumbuhay,Quezon City
1381300008,Bagong Lipunan Ng Crame,Quezon City
1381300009,Bagong Pag-asa,Quezon City
1381300010,Bagong Silangan,Quezon City
1381300011,Bagumbayan,Quezon City
1381300012,Bahay Toro,Quezon City
1381300013,Balingasa,Quezon City
1381300014,Bayanihan,Quezon City
1381300015,Blue Ridge A,Quezon City
1381300016,Blue Ridge B,Quezon City
1381300017,Botocan,Quezon City
1381300018,Bungad,Quezon City
1381300019,Camp Aguinaldo,Quezon City
1381300020,Central,Quezon City
1381300021,Claro,Quezon City
1381300022,Commonwealth,Quezon City
1381300023,New Era,Quezon City
1381300024,Kristong Hari,Quezon City
1381300025,Culiat,Quezon City
1381300026,Damar,Quezon City
1381300027,Damayan,Quezon City
1381300028,Damayang Lagi,Quezon City
1381300029,Del Monte,Quezon City
1381300030,Dioquino Zobel,Quezon City
1381300031,Doña Imelda,Quezon City
1381300032,Doña Josefa,Quezon City
1381300033,Don Manuel,Quezon City
1381300034,Duyan-duyan,Quezon City
1381300035,E. Rodriguez,Quezon City
1381300036,East Kamias,Quezon City
1381300037,Escopa I,Quezon City
1381300038,Escopa II,Quezon City
1381300039,Escopa III,Quezon City
1381300040,Escopa IV,Quezon City
1381300041,Fairview,Quezon City
1381300042,N.S. Amoranto,Quezon City
1381300043,Gulod,Quezon City
1381300044,Horseshoe,Quezon City
1381300045,Immaculate Concepcion,Quezon City
1381300046,Kaligayahan,Quezon City
1381300047,Kalusugan,Quezon City
1381300048,Kamuning,Quezon City
1381300049,Katipunan,Quezon City
1381300050,Kaunlaran,Quezon City
1381300051,Krus Na Ligas,Quezon City
1381300052,Laging Handa,Quezon City
1381300053,Libis,Quezon City
1381300054,Lourdes,Quezon City
1381300055,Loyola Heights,Quezon City
1381300056,Maharlika,Quezon City
1381300057,Malaya,Quezon City
1381300058,Manresa,Quezon City
1381300059,Mangga,Quezon City
1381300060,Mariana,Quezon City
1381300061,Mariblo,Quezon City
1381300062,Marilag,Quezon City
1381300063,Masagana,Quezon City
1381300064,Masambong,Quezon City
1381300065,Santo Domingo,Quezon City
1381300066,Matandang Balara,Quezon City
1381300067,Milagrosa,Quezon City
1381300068,Nagkaisang Nayon,Quezon City
1381300069,Nayong Kanluran,Quezon City
1381300070,Novaliches Proper,Quezon City
1381300071,Obrero,Quezon City
1381300072,Old Capitol Site,Quezon City
1381300073,Paang Bundok,Quezon City
1381300074,Pag-ibig Sa Nayon,Quezon City
1381300075,Paligsahan,Quezon City
1381300076,Paltok,Quezon City
1381300077,Pansol,Quezon City
1381300078,Paraiso,Quezon City
1381300079,Pasong Putik Proper,Quezon City
1381300080,Pasong Tamo,Quezon City
1381300081,Phil-Am,Quezon City
1381300082,Pinyahan,Quezon City
1381300083,Pinagkaisahan,Quezon City
1381300084,Project 6,Quezon City
1381300085,Quirino 2-A,Quezon City
1381300086,Quirino 2-B,Quezon City
1381300087,Quirino 2-C,Quezon City
1381300088,Quirino 3-A,Quezon City
1381300089,Ramon Magsaysay,Quezon City
1381300090,Roxas,Quezon City
1381300091,Sacred Heart,Quezon City
1381300092,Saint Ignatius,Quezon City
1381300093,Saint Peter,Quezon City
1381300094,Salvacion,Quezon City
1381300095,San Agustin,Quezon City
1381300096,San Antonio,Quezon City
1381300097,San Bartolome,Quezon City
1381300098,San Isidro,Quezon City
1381300099,San Isidro Labrador,Quezon City
1381300100,San Jose,Quezon City
1381300101,San Martin De Porres,Quezon City
1381300102,San Roque,Quezon City
1381300103,San Vicente,Quezon City
1381300104,Santa Cruz,Quezon City
1381300105,Santa Lucia,Quezon City
1381300106,Santa Monica,Quezon City
1381300107,Santa Teresita,Quezon City
1381300108,Santo Cristo,Quezon City
1381300109,Santo Niño,Quezon City
1381300110,Santol,Quezon City
1381300111,Sauyo,Quezon City
1381300112,Sienna,Quezon City
1381300113,Sikatuna Village,Quezon City
1381300114,Silangan,Quezon City
1381300115,Socorro,Quezon City
1381300116,South Triangle,Quezon City
1381300117,Tagumpay,Quezon City
1381300118,Talayan,Quezon City
1381300119,Talipapa,Quezon City
1381300120,Tandang Sora,Quezon City
1381300121,Tatalon,Quezon City
1381300122,Teachers Village East,Quezon City
1381300123,Teachers Village West,Quezon City
1381300124,U.P. Campus,Quezon City
1381300125,U.P. Village,Quezon City
1381300126,Ugong Norte,Quezon City
1381300127,Unang Sigaw,Quezon City
1381300128,Valencia,Quezon City
1381300129,Vasra,Quezon City
1381300130,Veterans Village,Quezon City
1381300131,Villa Maria Clara,Quezon City
1381300132,West Kamias,Quezon City
1381300133,West Triangle,Quezon City
1381300134,White Plains,Quezon City
1381300135,Balong Bato,Quezon City
1381300136,Capri,Quezon City
1381300137,Sangandaan,Quezon City
1381300138,Payatas,Quezon City
1381300139,Batasan Hills,Quezon City
1381300140,Holy Spirit,Quezon City
1381300141,Greater Lagro,Quezon City
1381300142,North Fairview,Quezon City
1381400001,Addition Hills,San Juan
1381400002,Balong-Bato,San Juan
1381400003,Batis,San Juan
1381400004,Corazon De Jesus,San Juan
1381400005,Ermitaño,San Juan
1381400006,Halo-halo,San Juan
1381400007,Isabelita,San Juan
1381400008,Kabayanan,San Juan
1381400009,Little Baguio,San Juan
1381400010,Maytunas,San Juan
1381400011,Onse,San Juan
1381400012,Pasadeña,San Juan
1381400013,Pedro Cruz,San Juan
1381400014,Progreso,San Juan
1381400015,Rivera,San Juan
1381400016,Salapan,San Juan
1381400017,San Perfecto,San Juan
1381400018,Santa Lucia,San Juan
1381400019,Tibagan,San Juan
1381400020,West Crame,San Juan
1381400021,Greenhills,San Juan
1381500001,Tanyag,Taguig
1381500002,Bagumbayan,Taguig
1381500003,Bambang,Taguig
1381500004,Calzada,Taguig
1381500005,Hagonoy,Taguig
1381500006,Ibayo-Tipas,Taguig
1381500007,Ligid-Tipas,Taguig
1381500008,Lower Bicutan,Taguig
1381500009,Maharlika Village,Taguig
1381500010,Napindan,Taguig
1381500011,Palingon,Taguig
1381500012,Santa Ana,Taguig
1381500013,Central Signal Village,Taguig
1381500014,Tuktukan,Taguig
1381500015,Upper Bicutan,Taguig
1381500016,Ususan,Taguig
1381500017,Wawa,Taguig
1381500018,Western Bicutan,Taguig
1381500019,Central Bicutan,Taguig
1381500020,Fort Bonifacio,Taguig
1381500021,Katuparan,Taguig
1381500022,New Lower Bicutan,Taguig
1381500023,North Daang Hari,Taguig
1381500024,North Signal Village,Taguig
1381500025,Pinagsama,Taguig
1381500026,San Miguel,Taguig
1381500027,South Daang Hari,Taguig
1381500028,South Signal Village,Taguig
1381500029,Cembo,Taguig
1381500030,Comembo,Taguig
1381500031,East Rembo,Taguig
1381500032,Pembo,Taguig
1381500033,Pitogo,Taguig
1381500034,Post Proper Northside,Taguig
1381500035,Post Proper Southside,Taguig
1381500036,Rizal,Taguig
1381500037,South Cembo,Taguig
1381500038,West Rembo,Taguig
1381600001,Arkong Bato,Valenzuela
1381600002,Bagbaguin,Valenzuela
1381600003,Balangkas,Valenzuela
1381600004,Parada,Valenzuela
1381600005,Bignay,Valenzuela
1381600006,Bisig,Valenzuela
1381600007,Canumay West,Valenzuela
1381600008,Karuhatan,Valenzuela
1381600009,Coloong,Valenzuela
1381600010,Dalandanan,Valenzuela
1381600011,Gen. T. De Leon,Valenzuela
1381600012,Isla,Valenzuela
1381600013,Lawang Bato,Valenzuela
1381600014,Lingunan,Valenzuela
1381600015,Mabolo,Valenzuela
1381600016,Malanday,Valenzuela
1381600017,Malinta,Valenzuela
1381600018,Mapulang Lupa,Valenzuela
1381600019,Marulas,Valenzuela
1381600020,Maysan,Valenzuela
1381600021,Palasan,Valenzuela
1381600022,Pariancillo Villa,Valenzuela
1381600023,Paso De Blas,Valenzuela
1381600024,Pasolo,Valenzuela
1381600025,Poblacion,Valenzuela
1381600026,Pulo,Valenzuela
1381600027,Punturin,Valenzuela
1381600028,Rincon,Valenzuela
1381600029,Tagalag,Valenzuela
1381600030,Ugong,Valenzuela
1381600031,Viente Reales,Valenzuela
1381600032,Wawang Pulo,Valenzuela
1381600033,Canumay East,Valenzuela
1381701001,Aguho,Valenzuela
1381701002,Magtanggol,Valenzuela
1381701003,Martires Del 96,Valenzuela
1381701004,Poblacion,Valenzuela
1381701005,San Pedro,Valenzuela
1381701006,San Roque,Valenzuela
1381701007,Santa Ana,Valenzuela
1381701008,Santo Rosario-Kanluran,Valenzuela
1381701009,Santo Rosario-Silangan,Valenzuela
1381701010,Tabacalera,Valenzuela