psgc,barangay,city
"","Tutuban Mall (Claimed by Five Barangays of Tondo, Manila)","Manila"
"","Manila North Cemetery","Manila"
"PH137401001","Addition Hills","Unknown"
"PH137401002","Bagong Silang","Unknown"
"PH137401003","Barangka Drive","Unknown"
"PH137401004","Barangka Ibaba","Unknown"
"PH137401005","Barangka Ilaya","Unknown"
"PH137401006","Barangka Itaas","Unknown"
"PH137401007","Burol","Unknown"
"PH137401008","Buayang Bato","Unknown"
"PH137401009","Daang Bakal","Unknown"
"PH137401010","Hagdang Bato Itaas","Unknown"
"PH137401011","Hagdang Bato Libis","Unknown"
"PH137401012","Harapin Ang Bukas","Unknown"
"PH137401013","Highway Hills","Unknown"
"PH137401014","Hulo","Unknown"
"PH137401015","Mabini-J. Rizal","Unknown"
"PH137401016","Malamig","Unknown"
"PH137401017","Mauway","Unknown"
"PH137401018","Namayan","Unknown"
"PH137401019","New Zañiga","Unknown"
"PH137401020","Old Zañiga","Unknown"
"PH137401021","Pag-asa","Unknown"
"PH137401022","Plainview","Unknown"
"PH137401023","Pleasant Hills","Unknown"
"PH137401024","Poblacion","Unknown"
"PH137401025","San Jose","Unknown"
"PH137401026","Vergara","Unknown"
"PH137401027","Wack-wack Greenhills","Unknown"
"PH137402001","Barangka","Unknown"
"PH137402002","Calumpang","Unknown"
"PH137402003","Concepcion Uno","Unknown"
"PH137402004","Jesus De La Peña","Unknown"
"PH137402005","Malanday","Unknown"
"PH137402006","Nangka","Unknown"
"PH137402007","Parang","Unknown"
"PH137402008","San Roque","Unknown"
"PH137402009","Santa Elena (Pob.)","Unknown"
"PH137402010","Santo Niño","Unknown"
"PH137402011","Tañong","Unknown"
"PH137402012","Concepcion Dos","Unknown"
"PH137402013","Marikina Heights (Concepcion)","Unknown"
"PH137402014","Industrial Valley","Unknown"
"PH137402015","Fortune","Unknown"
"PH137402016","Tumana","Unknown"
"PH137403001","Bagong Ilog","Unknown"
"PH137403002","Bagong Katipunan","Unknown"
"PH137403003","Bambang","Unknown"
"PH137403004","Buting","Unknown"
"PH137403005","Caniogan","Unknown"
"PH137403006","Dela Paz","Unknown"
"PH137403007","Kalawaan","Unknown"
"PH137403008","Kapasigan","Unknown"
"PH137403009","Kapitolyo","Unknown"
"PH137403010","Malinao","Unknown"
"PH137403011","Manggahan","Unknown"
"PH137403012","Maybunga","Unknown"
"PH137403013","Oranbo","Unknown"
"PH137403014","Palatiw","Unknown"
"PH137403015","Pinagbuhatan","Unknown"
"PH137403016","Pineda","Unknown"
"PH137403017","Rosario","Unknown"
"PH137403018","Sagad","Unknown"
"PH137403019","San Antonio","Unknown"
"PH137403020","San Joaquin","Unknown"
"PH137403021","San Jose","Unknown"
"PH137403022","San Miguel","Unknown"
"PH137403023","San Nicolas (Pob.)","Unknown"
"PH137403024","Santa Cruz","Unknown"
"PH137403025","Santa Rosa","Unknown"
"PH137403026","Santo Tomas","Unknown"
"PH137403027","Santolan","Unknown"
"PH137403028","Sumilang","Unknown"
"PH137403029","Ugong","Unknown"
"PH137403030","Santa Lucia","Unknown"
"PH137404023","New Era (Constitution Hills)","Quezon City"
"PH137404042","N.S. Amoranto (Gintong Silahis)","Quezon City"
"PH137404065","Santo Domingo (Matalahib)","Quezon City"
"PH137404079","Pasong Putik Proper (Pasong Putik)","Quezon City"
"PH137405001","Addition Hills","Unknown"
"PH137405002","Balong-Bato","Unknown"
"PH137405003","Batis","Unknown"
"PH137405004","Corazon De Jesus","Unknown"
"PH137405005","Ermitaño","Unknown"
"PH137405006","Halo-halo (St. Joseph)","Unknown"
"PH137405007","Isabelita","Unknown"
"PH137405008","Kabayanan","Unknown"
"PH137405009","Little Baguio","Unknown"
"PH137405010","Maytunas","Unknown"
"PH137405011","Onse","Unknown"
"PH137405012","Pasadeña","Unknown"
"PH137405013","Pedro Cruz","Unknown"
"PH137405014","Progreso","Unknown"
"PH137405015","Rivera","Unknown"
"PH137405016","Salapan","Unknown"
"PH137405017","San Perfecto","Unknown"
"PH137405018","Santa Lucia","Unknown"
"PH137405019","Tibagan","Unknown"
"PH137405020","West Crame","Unknown"
"PH137405021","Greenhills","Unknown"
"PH137501001","Barangay 1","Unknown"
"PH137501002","Barangay 2","Unknown"
"PH137501003","Barangay 3","Unknown"
"PH137501004","Barangay 4","Unknown"
"PH137501005","Barangay 5","Unknown"
"PH137501006","Barangay 6","Unknown"
"PH137501007","Barangay 7","Unknown"
"PH137501008","Barangay 8","Unknown"
"PH137501009","Barangay 9","Unknown"
"PH137501010","Barangay 10","Unknown"
"PH137501011","Barangay 11","Unknown"
"PH137501012","Barangay 12","Unknown"
"PH137501013","Barangay 13","Unknown"
"PH137501014","Barangay 14","Unknown"
"PH137501015","Barangay 15","Unknown"
"PH137501016","Barangay 16","Unknown"
"PH137501017","Barangay 17","Unknown"
"PH137501018","Barangay 18","Unknown"
"PH137501019","Barangay 19","Unknown"
"PH137501020","Barangay 20","Unknown"
"PH137501021","Barangay 21","Unknown"
"PH137501022","Barangay 22","Unknown"
"PH137501023","Barangay 23","Unknown"
"PH137501024","Barangay 24","Unknown"
"PH137501025","Barangay 25","Unknown"
"PH137501026","Barangay 26","Unknown"
"PH137501027","Barangay 27","Unknown"
"PH137501028","Barangay 28","Unknown"
"PH137501029","Barangay 29","Unknown"
"PH137501030","Barangay 30","Unknown"
"PH137501031","Barangay 31","Unknown"
"PH137501032","Barangay 32","Unknown"
"PH137501033","Barangay 33","Unknown"
"PH137501034","Barangay 34","Unknown"
"PH137501035","Barangay 35","Unknown"
"PH137501036","Barangay 36","Unknown"
"PH137501037","Barangay 37","Unknown"
"PH137501038","Barangay 38","Unknown"
"PH137501039","Barangay 39","Unknown"
"PH137501040","Barangay 40","Unknown"
"PH137501041","Barangay 41","Unknown"
"PH137501042","Barangay 42","Unknown"
"PH137501043","Barangay 43","Unknown"
"PH137501044","Barangay 44","Unknown"
"PH137501045","Barangay 45","Unknown"
"PH137501046","Barangay 46","Unknown"
"PH137501047","Barangay 47","Unknown"
"PH137501048","Barangay 48","Unknown"
"PH137501049","Barangay 49","Unknown"
"PH137501050","Barangay 50","Unknown"
"PH137501051","Barangay 51","Unknown"
"PH137501052","Barangay 52","Unknown"
"PH137501053","Barangay 53","Unknown"
"PH137501054","Barangay 54","Unknown"
"PH137501055","Barangay 55","Unknown"
"PH137501056","Barangay 56","Unknown"
"PH137501057","Barangay 57","Unknown"
"PH137501058","Barangay 58","Unknown"
"PH137501059","Barangay 59","Unknown"
"PH137501060","Barangay 60","Unknown"
"PH137501061","Barangay 61","Unknown"
"PH137501062","Barangay 62","Unknown"
"PH137501063","Barangay 63","Unknown"
"PH137501064","Barangay 64","Unknown"
"PH137501065","Barangay 65","Unknown"
"PH137501066","Barangay 66","Unknown"
"PH137501067","Barangay 67","Unknown"
"PH137501068","Barangay 68","Unknown"
"PH137501069","Barangay 69","Unknown"
"PH137501070","Barangay 70","Unknown"
"PH137501071","Barangay 71","Unknown"
"PH137501072","Barangay 72","Unknown"
"PH137501073","Barangay 73","Unknown"
"PH137501074","Barangay 74","Unknown"
"PH137501075","Barangay 75","Unknown"
"PH137501076","Barangay 76","Unknown"
"PH137501077","Barangay 77","Unknown"
"PH137501078","Barangay 78","Unknown"
"PH137501079","Barangay 79","Unknown"
"PH137501080","Barangay 80","Unknown"
"PH137501081","Barangay 81","Unknown"
"PH137501082","Barangay 82","Unknown"
"PH137501083","Barangay 83","Unknown"
"PH137501084","Barangay 84","Unknown"
"PH137501085","Barangay 85","Unknown"
"PH137501086","Barangay 86","Unknown"
"PH137501087","Barangay 87","Unknown"
"PH137501088","Barangay 88","Unknown"
"PH137501089","Barangay 89","Unknown"
"PH137501090","Barangay 90","Unknown"
"PH137501091","Barangay 91","Unknown"
"PH137501092","Barangay 92","Unknown"
"PH137501093","Barangay 93","Unknown"
"PH137501094","Barangay 94","Unknown"
"PH137501095","Barangay 95","Unknown"
"PH137501096","Barangay 96","Unknown"
"PH137501097","Barangay 97","Unknown"
"PH137501098","Barangay 98","Unknown"
"PH137501099","Barangay 99","Unknown"
"PH137501100","Barangay 100","Unknown"
"PH137501101","Barangay 101","Unknown"
"PH137501102","Barangay 102","Unknown"
"PH137501103","Barangay 103","Unknown"
"PH137501104","Barangay 104","Unknown"
"PH137501105","Barangay 105","Unknown"
"PH137501106","Barangay 106","Unknown"
"PH137501107","Barangay 107","Unknown"
"PH137501108","Barangay 108","Unknown"
"PH137501109","Barangay 109","Unknown"
"PH137501110","Barangay 110","Unknown"
"PH137501111","Barangay 111","Unknown"
"PH137501112","Barangay 112","Unknown"
"PH137501113","Barangay 113","Unknown"
"PH137501114","Barangay 114","Unknown"
"PH137501115","Barangay 115","Unknown"
"PH137501116","Barangay 116","Unknown"
"PH137501117","Barangay 117","Unknown"
"PH137501118","Barangay 118","Unknown"
"PH137501119","Barangay 119","Unknown"
"PH137501120","Barangay 120","Unknown"
"PH137501121","Barangay 121","Unknown"
"PH137501122","Barangay 122","Unknown"
"PH137501123","Barangay 123","Unknown"
"PH137501124","Barangay 124","Unknown"
"PH137501125","Barangay 125","Unknown"
"PH137501126","Barangay 126","Unknown"
"PH137501127","Barangay 127","Unknown"
"PH137501128","Barangay 128","Unknown"
"PH137501129","Barangay 129","Unknown"
"PH137501130","Barangay 130","Unknown"
"PH137501131","Barangay 131","Unknown"
"PH137501132","Barangay 132","Unknown"
"PH137501133","Barangay 133","Unknown"
"PH137501134","Barangay 134","Unknown"
"PH137501135","Barangay 135","Unknown"
"PH137501136","Barangay 136","Unknown"
"PH137501137","Barangay 137","Unknown"
"PH137501138","Barangay 138","Unknown"
"PH137501139","Barangay 139","Unknown"
"PH137501140","Barangay 140","Unknown"
"PH137501141","Barangay 141","Unknown"
"PH137501142","Barangay 142","Unknown"
"PH137501143","Barangay 143","Unknown"
"PH137501144","Barangay 144","Unknown"
"PH137501145","Barangay 145","Unknown"
"PH137501146","Barangay 146","Unknown"
"PH137501147","Barangay 147","Unknown"
"PH137501148","Barangay 148","Unknown"
"PH137501149","Barangay 149","Unknown"
"PH137501150","Barangay 150","Unknown"
"PH137501151","Barangay 151","Unknown"
"PH137501152","Barangay 152","Unknown"
"PH137501153","Barangay 153","Unknown"
"PH137501154","Barangay 154","Unknown"
"PH137501155","Barangay 155","Unknown"
"PH137501156","Barangay 156","Unknown"
"PH137501157","Barangay 157","Unknown"
"PH137501158","Barangay 158","Unknown"
"PH137501159","Barangay 159","Unknown"
"PH137501160","Barangay 160","Unknown"
"PH137501161","Barangay 161","Unknown"
"PH137501162","Barangay 162","Unknown"
"PH137501163","Barangay 163","Unknown"
"PH137501164","Barangay 164","Unknown"
"PH137501165","Barangay 165","Unknown"
"PH137501166","Barangay 166","Unknown"
"PH137501167","Barangay 167","Unknown"
"PH137501168","Barangay 168","Unknown"
"PH137501169","Barangay 169","Unknown"
"PH137501170","Barangay 170","Unknown"
"PH137501171","Barangay 171","Unknown"
"PH137501172","Barangay 172","Unknown"
"PH137501173","Barangay 173","Unknown"
"PH137501174","Barangay 174","Unknown"
"PH137501175","Barangay 175","Unknown"
"PH137501176","Barangay 176","Unknown"
"PH137501177","Barangay 177","Unknown"
"PH137501178","Barangay 178","Unknown"
"PH137501179","Barangay 179","Unknown"
"PH137501180","Barangay 180","Unknown"
"PH137501181","Barangay 181","Unknown"
"PH137501182","Barangay 182","Unknown"
"PH137501183","Barangay 183","Unknown"
"PH137501184","Barangay 184","Unknown"
"PH137501185","Barangay 185","Unknown"
"PH137501186","Barangay 186","Unknown"
"PH137501187","Barangay 187","Unknown"
"PH137501188","Barangay 188","Unknown"
"PH137502001","Acacia","Unknown"
"PH137502002","Baritan","Unknown"
"PH137502003","Bayan-bayanan","Unknown"
"PH137502004","Catmon","Unknown"
"PH137502005","Concepcion","Unknown"
"PH137502006","Dampalit","Unknown"
"PH137502007","Flores","Unknown"
"PH137502008","Hulong Duhat","Unknown"
"PH137502009","Ibaba","Unknown"
"PH137502010","Longos","Unknown"
"PH137502011","Maysilo","Unknown"
"PH137502012","Muzon","Unknown"
"PH137502013","Niugan","Unknown"
"PH137502014","Panghulo","Unknown"
"PH137502015","Potrero","Unknown"
"PH137502016","San Agustin","Unknown"
"PH137502017","Santolan","Unknown"
"PH137502018","Tañong (Pob.)","Unknown"
"PH137502019","Tinajeros","Unknown"
"PH137502020","Tonsuya","Unknown"
"PH137502021","Tugatog","Unknown"
"PH137503001","Sipac-Almacen","Unknown"
"PH137503002","Bagumbayan North","Unknown"
"PH137503003","Bagumbayan South","Unknown"
"PH137503004","Bangculasi","Unknown"
"PH137503005","Daanghari","Unknown"
"PH137503006","Navotas East","Unknown"
"PH137503007","Navotas West","Unknown"
"PH137503008","North Bay Blvd., North","Unknown"
"PH137503009","North Bay Blvd., South","Unknown"
"PH137503010","San Jose (Pob.)","Unknown"
"PH137503011","San Rafael Village","Unknown"
"PH137503012","San Roque","Unknown"
"PH137503013","Tangos","Unknown"
"PH137503014","Tanza","Unknown"
"PH137504001","Arkong Bato","Unknown"
"PH137504002","Bagbaguin","Unknown"
"PH137504003","Balangkas","Unknown"
"PH137504004","Parada","Unknown"
"PH137504005","Bignay","Unknown"
"PH137504006","Bisig","Unknown"
"PH137504007","Canumay West (Canumay)","Unknown"
"PH137504008","Karuhatan","Unknown"
"PH137504009","Coloong","Unknown"
"PH137504010","Dalandanan","Unknown"
"PH137504011","Gen. T. De Leon","Unknown"
"PH137504012","Isla","Unknown"
"PH137504013","Lawang Bato","Unknown"
"PH137504014","Lingunan","Unknown"
"PH137504015","Mabolo","Unknown"
"PH137504016","Malanday","Unknown"
"PH137504017","Malinta","Unknown"
"PH137504018","Mapulang Lupa","Unknown"
"PH137504019","Marulas","Unknown"
"PH137504020","Maysan","Unknown"
"PH137504021","Palasan","Unknown"
"PH137504022","Pariancillo Villa","Unknown"
"PH137504023","Paso De Blas","Unknown"
"PH137504024","Pasolo","Unknown"
"PH137504025","Poblacion","Unknown"
"PH137504026","Pulo","Unknown"
"PH137504027","Punturin","Unknown"
"PH137504028","Rincon","Unknown"
"PH137504029","Tagalag","Unknown"
"PH137504030","Ugong","Unknown"
"PH137504031","Viente Reales","Unknown"
"PH137504032","Wawang Pulo","Unknown"
"PH137504033","Canumay East (Canumay)","Unknown"
"PH137601001","Almanza Uno","Unknown"
"PH137601002","Daniel Fajardo","Unknown"
"PH137601003","Elias Aldana","Unknown"
"PH137601004","Ilaya","Unknown"
"PH137601005","Manuyo Uno","Unknown"
"PH137601006","Pamplona Uno","Unknown"
"PH137601007","Pulang Lupa Uno","Unknown"
"PH137601008","Talon Uno","Unknown"
"PH137601009","Zapote","Unknown"
"PH137601010","Almanza Dos","Unknown"
"PH137601011","B. F. International Village","Unknown"
"PH137601012","Manuyo Dos","Unknown"
"PH137601013","Pamplona Dos","Unknown"
"PH137601014","Pamplona Tres","Unknown"
"PH137601015","Pilar","Unknown"
"PH137601016","Pulang Lupa Dos","Unknown"
"PH137601017","Talon Dos","Unknown"
"PH137601018","Talon Tres","Unknown"
"PH137601019","Talon Kuatro","Unknown"
"PH137601020","Talon Singko","Unknown"
"PH137602001","Bangkal","Unknown"
"PH137602002","Bel-Air","Unknown"
"PH137602003","Cembo","Unknown"
"PH137602004","Comembo","Unknown"
"PH137602005","Carmona","Unknown"
"PH137602006","Dasmariñas","Unknown"
"PH137602007","East Rembo","Unknown"
"PH137602008","Forbes Park","Unknown"
"PH137602009","Guadalupe Nuevo","Unknown"
"PH137602010","Guadalupe Viejo","Unknown"
"PH137602011","Kasilawan","Unknown"
"PH137602012","La Paz","Unknown"
"PH137602013","Magallanes","Unknown"
"PH137602014","Olympia","Unknown"
"PH137602015","Palanan","Unknown"
"PH137602016","Pembo","Unknown"
"PH137602017","Pinagkaisahan","Unknown"
"PH137602018","Pio Del Pilar","Unknown"
"PH137602019","Pitogo","Unknown"
"PH137602020","Poblacion","Unknown"
"PH137602021","Post Proper Northside","Unknown"
"PH137602023","San Antonio","Unknown"
"PH137602024","San Isidro","Unknown"
"PH137602025","San Lorenzo","Unknown"
"PH137602026","Santa Cruz","Unknown"
"PH137602027","Singkamas","Unknown"
"PH137602028","South Cembo","Unknown"
"PH137602029","Tejeros","Unknown"
"PH137602030","Urdaneta","Unknown"
"PH137602031","Valenzuela","Unknown"
"PH137602032","West Rembo","Unknown"
"PH137602033","Rizal","Unknown"
"PH137602022","Post Proper Southside","Unknown"
"PH137603001","Alabang","Unknown"
"PH137603002","Bayanan","Unknown"
"PH137603003","Buli","Unknown"
"PH137603004","Cupang","Unknown"
"PH137603005","Poblacion","Unknown"
"PH137603006","Putatan","Unknown"
"PH137603007","Sucat","Unknown"
"PH137603008","Tunasan","Unknown"
"PH137603009","New Alabang Village","Unknown"
"PH137604001","Baclaran","Unknown"
"PH137604002","Don Galo","Unknown"
"PH137604003","La Huerta","Unknown"
"PH137604004","San Dionisio","Unknown"
"PH137604005","Santo Niño","Unknown"
"PH137604006","Tambo","Unknown"
"PH137604007","B. F. Homes","Unknown"
"PH137604008","Don Bosco","Unknown"
"PH137604009","Marcelo Green Village","Unknown"
"PH137604010","Merville","Unknown"
"PH137604011","Moonwalk","Unknown"
"PH137604012","San Antonio","Unknown"
"PH137604013","San Isidro","Unknown"
"PH137604014","San Martin De Porres","Unknown"
"PH137604015","Sun Valley","Unknown"
"PH137604016","Vitalez","Unknown"
"PH137607001","Tanyag (Bagong Tanyag)","Unknown"
"PH137607002","Bagumbayan","Unknown"
"PH137607003","Bambang","Unknown"
"PH137607004","Calzada","Unknown"
"PH137607005","Hagonoy","Unknown"
"PH137607006","Ibayo-Tipas","Unknown"
"PH137607007","Ligid-Tipas","Unknown"
"PH137607008","Lower Bicutan","Unknown"
"PH137607009","Maharlika Village","Unknown"
"PH137607010","Napindan","Unknown"
"PH137607011","Palingon","Unknown"
"PH137607012","Santa Ana","Unknown"
"PH137607013","Central Signal Village (Signal Village)","Unknown"
"PH137607014","Tuktukan","Unknown"
"PH137607015","Upper Bicutan","Unknown"
"PH137607016","Ususan","Unknown"
"PH137607017","Wawa","Unknown"
"PH137607018","Western Bicutan","Unknown"
"PH137607019","Central Bicutan","Unknown"
"PH137607021","Katuparan","Unknown"
"PH137607022","New Lower Bicutan","Unknown"
"PH137607023","North Daang Hari","Unknown"
"PH137607024","North Signal Village","Unknown"
"PH137607025","Pinagsama","Unknown"
"PH137607026","San Miguel","Unknown"
"PH137607027","South Daang Hari","Unknown"
"PH137607028","South Signal Village","Unknown"
"PH137607020","Fort Bonifacio","Unknown"
"1380100176","Barangay 176","[City not found in master list]"